{
  "features": [
    "cosine",
    "title_jac",
    "minhash_jac",
    "dt_days",
    "len_ratio",
    "num_mismatch",
    "caps_mismatch"
  ],
  "coef": [
    2.6519564451055033,
    -1.6735615758687685,
    0.3778039033137603,
    -1.0602761514998365,
    -1.160257678245759,
    0.32542798329064615,
    -0.44428239154036514
  ],
  "intercept": -2.8240181861326885,
  "scaler_mean": [
    0.6232215070043918,
    0.2516634713517838,
    0.054845764272559855,
    1.799250989018484,
    0.6784497930119774,
    0.5900532810753808,
    0.722002071117493
  ],
  "scaler_scale": [
    0.1720472545712533,
    0.23519280145554494,
    0.13882978174261548,
    1.0424503070386455,
    0.33326775557421495,
    0.47446458742754016,
    0.24306886953147805
  ],
  "gates": {
    "p_high": 0.8071947159553038,
    "p_low": 0.03024980153040738
  },
  "oof_auc": 0.9118279569892473,
  "oof_auc_cosine_only": 0.7484348864994026,
  "cv": "GroupKFold5-pairgraph-components",
  "trained_on": "f8dde5b701cee45d"
}