{"n_pairs": 1100, "n_same": 68, "auc_single": 0.6241165070679435, "auc_chunk": 0.6656264249886, "judge_ab": {"chunk_pair": {"mode": "chunk_pair", "acc": 0.8781818181818182, "P": 0.3225806451612903, "R": 0.8823529411764706, "f1": 0.47244094488188976, "n": 1100, "tokens": 728210, "paid": 797, "tok_per_call": 662.0, "est_cost_usd": 0.7282}, "full_body": {"mode": "full_body", "acc": 0.8763636363636363, "P": 0.32105263157894737, "R": 0.8970588235294118, "f1": 0.4728682170542636, "n": 1100, "tokens": 2148096, "paid": 797, "tok_per_call": 1952.8, "est_cost_usd": 2.1481}}}