{"full_body_arm": {"precision": 0.85, "recall": 0.5862068965517241, "f1": 0.6938775510204082, "tp": 17, "fp": 3, "fn": 12, "tn": 431, "n_scored": 463, "n_missing": 0, "mode": "full_body", "n_stories": 2881, "judge": {"new": 1090, "cached": 930}}, "judge_ab": {"chunk_pair": {"mode": "chunk_pair", "acc": 0.9330453563714903, "P": 0.4807692307692308, "R": 0.8620689655172413, "f1": 0.6172839506172839, "n": 463, "tokens": 298578, "paid": 463, "tok_per_call": 644.9, "est_cost_usd": 0.2986}, "full_body": {"mode": "full_body", "acc": 0.9287257019438445, "P": 0.4642857142857143, "R": 0.896551724137931, "f1": 0.611764705882353, "n": 463, "tokens": 762681, "paid": 463, "tok_per_call": 1647.3, "est_cost_usd": 0.7627}}}