{
  "features": [
    "cosine",
    "title_jac",
    "minhash_jac",
    "dt_days",
    "len_ratio",
    "num_mismatch",
    "caps_mismatch"
  ],
  "coef": [
    0.8269870652488807,
    -1.317741094932243,
    -0.35423625277573,
    -1.0896714237365237,
    -0.01785756797405376,
    -0.4406862969511501,
    -0.6007819971007387
  ],
  "intercept": -3.883565935778658,
  "scaler_mean": [
    0.7378682296232323,
    0.2746806034934998,
    0.09066212203023757,
    6.630132514398848,
    0.986020143672624,
    0.8638811677826155,
    0.6958090131300105
  ],
  "scaler_scale": [
    0.17700920737109424,
    0.29767656456531233,
    0.13031538221944403,
    1.3820509390258693,
    0.05021772300366116,
    0.2162998076884086,
    0.20781251572000126
  ],
  "gates": {
    "p_high": 0.8918753834493142,
    "p_low": 0.02112668706519382
  },
  "oof_auc": 0.9048943270300334,
  "oof_auc_cosine_only": 0.6244239631336406,
  "cv": "GroupKFold5-pairgraph-components",
  "trained_on": "78892ae9e69986a8"
}