{
  "kind": "chunk_maxpool_fusion_gate",
  "features": [
    "cosine",
    "title_jac",
    "minhash_jac",
    "dt_days",
    "len_ratio",
    "num_mismatch",
    "caps_mismatch"
  ],
  "coef": [
    0.8755892515923491,
    -1.1796589517644627,
    -0.3913132987546794,
    -1.0851905469901018,
    -0.06729256488424343,
    -0.4384162138442895,
    -0.5387223727835916
  ],
  "intercept": -3.914593885845158,
  "scaler_mean": [
    0.7584729739836946,
    0.2746806034934998,
    0.09066212203023757,
    6.630132514398848,
    0.986020143672624,
    0.8638811677826155,
    0.6958090131300105
  ],
  "scaler_scale": [
    0.16022364587378926,
    0.29767656456531233,
    0.13031538221944403,
    1.3820509390258693,
    0.05021772300366116,
    0.2162998076884086,
    0.20781251572000126
  ],
  "gates": {
    "p_high": 0.913941006249714,
    "p_low": 0.019988805113210634
  },
  "calibrated_on": "bloomberg_eval (463 pairs, 29 SAME); chunk max-pool cosine",
  "note": "STARTING artifact \u2014 recalibrate on production-labeled pairs. Used by \u00a710 gray-zone gate."
}