{"eval_pairs": 1100, "eval_same": 68, "baseline": {"precision": 0.7058823529411765, "recall": 0.5294117647058824, "f1": 0.6050420168067226, "tp": 36, "fp": 15, "fn": 32, "tn": 1017, "n_scored": 1100, "n_missing": 0, "mode": "baseline"}, "chunk_pair": {"precision": 0.6923076923076923, "recall": 0.5294117647058824, "f1": 0.5999999999999999, "tp": 36, "fp": 16, "fn": 32, "tn": 1016, "n_scored": 1100, "n_missing": 0, "mode": "chunk_pair", "n_stories": 2849, "judge": {"new": 0, "cached": 2021}}, "full_body": {"precision": 0.74, "recall": 0.5441176470588235, "f1": 0.6271186440677965, "tp": 37, "fp": 13, "fn": 31, "tn": 1019, "n_scored": 1100, "n_missing": 0, "mode": "full_body", "n_stories": 2881, "judge": {"new": 0, "cached": 2020}}, "separability_auc": {"single_vec": 0.624, "chunk_maxpool": 0.666}, "note": "End-to-end F1 tied within noise (spread 0.027 over 68 SAME); chunk vectors separate better (AUC +0.042) but the gate+judge already capture most signal. Directional 463-eval read (chunk_pair 0.680 > baseline 0.667) was noise."}