{"end_to_end_463": {"baseline": {"precision": 0.8421052631578947, "recall": 0.5517241379310345, "f1": 0.6666666666666666, "tp": 16, "fp": 3, "fn": 13, "tn": 431, "n_scored": 463, "n_missing": 0, "mode": "single_vector_baseline"}, "chunk_pair": {"precision": 0.8095238095238095, "recall": 0.5862068965517241, "f1": 0.68, "tp": 17, "fp": 4, "fn": 12, "tn": 430, "n_scored": 463, "n_missing": 0, "mode": "chunk_pair", "n_stories": 2849, "judge": {"new": 2020, "cached": 1}}, "combo": {"precision": 0.8095238095238095, "recall": 0.5862068965517241, "f1": 0.68, "tp": 17, "fp": 4, "fn": 12, "tn": 430, "n_scored": 463, "n_missing": 0, "mode": "combo_singlevec_chunkpairjudge"}, "full_body": {"precision": 0.85, "recall": 0.5862068965517241, "f1": 0.6938775510204082, "tp": 17, "fp": 3, "fn": 12, "tn": 431, "n_scored": 463, "n_missing": 0, "mode": "full_body", "n_stories": 2881, "judge": {"new": 1090, "cached": 930}}}, "confident_1100": {"n_pairs": 1100, "n_same": 68, "auc_single": 0.6241165070679435, "auc_chunk": 0.6656264249886, "judge_ab": {"chunk_pair": {"mode": "chunk_pair", "acc": 0.8781818181818182, "P": 0.3225806451612903, "R": 0.8823529411764706, "f1": 0.47244094488188976, "n": 1100, "tokens": 728210, "paid": 797, "tok_per_call": 662.0, "est_cost_usd": 0.7282}, "full_body": {"mode": "full_body", "acc": 0.8763636363636363, "P": 0.32105263157894737, "R": 0.8970588235294118, "f1": 0.4728682170542636, "n": 1100, "tokens": 2148096, "paid": 797, "tok_per_call": 1952.8, "est_cost_usd": 2.1481}}}}